"","Student_Number","Student_Name","project"
"1",1,"Student 1","Project N"
"5",5,"Student 5","Project K"
"6",6,"Student 6","Project L"
"7",7,"Student 7","Project M"
"8",8,"Student 8","Project O"
"9",9,"Student 9","Project N"
"15",15,"Student 15","Project L"
"22",22,"Student 22","Project R"
"23",23,"Student 23","Project O"
"26",26,"Student 26","Project Q"
"27",27,"Student 27","Project O"
"28",28,"Student 28","Project P"
"32",32,"Student 32","Project S"
"35",35,"Student 35","Project P"
"36",36,"Student 36","Project K"
"40",40,"Student 40","Project O"
"42",42,"Student 42","Project R"
"43",43,"Student 43","Project R"
"48",48,"Student 48","Project R"
"49",49,"Student 49","Project Q"
"53",53,"Student 53","Project M"
"54",54,"Student 54","Project K"
"57",57,"Student 57","Project M"
"58",58,"Student 58","Project P"
"59",59,"Student 59","Project S"
"61",61,"Student 61","Project T"
"62",62,"Student 62","Project N"
"63",63,"Student 63","Project N"
"65",65,"Student 65","Project Q"
"68",68,"Student 68","Project L"
"70",70,"Student 70","Project K"
"72",72,"Student 72","Project S"
"73",73,"Student 73","Project Q"
"74",74,"Student 74","Project T"
"75",75,"Student 75","Project P"
"76",76,"Student 76","Project Q"
"77",77,"Student 77","Project T"
"78",78,"Student 78","Project P"
"79",79,"Student 79","Project K"
"80",80,"Student 80","Project N"
"81",81,"Student 81","Project R"
"83",83,"Student 83","Project Q"
"84",84,"Student 84","Project S"
"87",87,"Student 87","Project S"
"89",89,"Student 89","Project T"
"95",95,"Student 95","Project M"
"96",96,"Student 96","Project M"
"98",98,"Student 98","Project L"
"101",101,"Student 101","Project N"
